match_id	match_date	opponent	match_result	player	minutes_played	total_passes_under_pressure	completed_passes_under_pressure	ratio_passes_under_pressure	total_progressive_passes	completed_progressive_passes	ratio_progressive_passes	total_long_balls	completed_long_balls	ratio_long_balls	total_line_breaking_passes	completed_line_breaking_passes	ratio_line_breaking_passes	total_crosses	completed_crosses	ratio_crosses	total_through_balls	completed_through_balls	ratio_through_balls	total_passes	completed_passes	ratio_passes	passes_obv	dribbles_obv	carries_obv	sum_obv	goals	assists	second_assists	total_goal_contributions	shots	key_passes	second_assists_to_shots	total_shots_contributions	shots_faced	shots_blocked	clearances	ball_recovery_inside_box	carry_inside_box	shot_inside_box	total_touches_inside_box	total_dribbles	completed_dribbles	ratio_dribbles	total_passes_into_box	completed_passes_into_box	ratio_passes_into_box	total_final_third_passes	completed_final_third_passes	ratio_final_third_passes	shots_on_taget	ratio_shots	shot_conversion	xg	shot_quality	carries_into_final_third	passes_into_final_third	deep_progressions	xa	dispossessed	miscontrols	turnovers	attacking_errors	total_attacking_ball_recoveries	won_attacking_ball_recoveries	ratio_attacking_ball_recoveries	attacking_fouls_won	attacking_fouls_commited	total_attacking_aerials	won_attacking_aerials	ratio_attacking_aerials	total_attacking_50_50	won_attacking_50_50	ratio_attacking_50_50	total_attacking_duels	won_attacking_duels	ratio_attacking_duels	ratio_touches_inside_box_to_shots	xg_chain	xg_buildup	pressures	pressures_oppostion_half	pressures_final_third	avg_pressure_duration	pressure_regains	ratio_pressures	counterpressures	counterpressures_oppostion_half	counterpressures_final_third	avg_counterpressure_duration	counterpressure_regains	ratio_counterpressures	defensive_fouls_won	defensive_fouls_commited	defensive_errors	total_defensive_aerials	won_defensive_aerials	ratio_defensive_aerials	total_defensive_50_50	won_defensive_50_50	ratio_defensive_50_50	total_interceptions	interceptions_won	interceptions_ratio	total_tackles	tackles_won	tackles_ratio	dribbled_past	ratio_tackles_dribbled_past	total_defensive_ball_recoveries	won_defensive_ball_recoveries	ratio_defensive_ball_recoveries	total_defensive_duels	won_defensive_duels	ratio_defensive_duels	total_ball_receptions	successful_ball_receptions	ball_receptions_ratio	total_ball_receptions_under_pressure	successful_ball_receptions_under_pressure	ball_receptions_under_pressure_ratio	pressured_ball_receptions_ratio	total_ball_receptions_in_the_box	successful_ball_receptions_in_the_box	ball_receptions_in_the_box_ratio	box_ball_receptions_ratio	set_piece_clearances	set_piece_shots_faced	set_piece_shots_blocked	set_piece_shots	set_piece_shots_on_taget	set_piece_ratio_shots	set_piece_goals	set_piece_shot_conversion	set_piece_xg	set_piece_shot_quality	set_pieces	shots_set_piece_ratio	set_piece_total_touches_inside_box	touches_inside_box_set_piece_ratio	aggressive_actions_pressures	aggressive_actions_fouls	aggressive_actions_tackles	total_aggressive_actions	dribbles_faced	dribble_stopped_ball_won	dribble_stopped_ball_lost	ratio_dribbles_successfully_defended	defensive_actions_regains_pressures	defensive_actions_regains_interceptions	defensive_actions_regains_blocks	defensive_actions_regains_tackles	defensive_actions_regains_dribbled_past	total_defensive_actions_regains	ball_receipt_inside_box	foul_won_inside_box	set_piece_ball_receipt_inside_box	set_piece_carry_inside_box	set_piece_foul_won_inside_box	pass_inside_box	set_piece_shot_inside_box	set_piece_ball_recovery_inside_box	set_piece_pass_inside_box	block_inside_box	duel_inside_box	set_piece_block_inside_box	set_piece_duel_inside_box
3939382	2024-07-20	Zagłębie Lubin	Won	Claude Gonçalves	96.08	7.0	7.0	1.0	27.0	24.0	0.89	1.0	1.0	1.0	7.0	4.0	0.57	0.0	0.0		0.0	0.0		41.0	37.0	0.9	0.15	0.0	0.16	0.31	0.0	0.0	0.0	0.0	1.0	0.0	1.0	2.0	6.0	0.0	2.0	1.0	1.0	1.0	3.0	1.0	1.0	1.0	2.0	0.0	0.0	15.0	14.0	0.93	0.0	0.0	0.0	0.04	0.04	1.0	8.0	9.0	0.0	2.0	0.0	0.0	0.0	8.0	0.0	0.0	0.0	0.0	2.0	1.0	0.5	0.0	0.0		5.0	2.0	0.4	3.0	0.4	0.4	14.0	7.0	5.0	0.36	1.0	0.07	3.0	3.0	2.0	0.24	1.0	3.0	1.0	5.0	0.0	2.0	1.0	0.5	0.0	0.0		1.0	1.0	1.0	0.0	0.0		1.0	0.0	9.0	6.0	0.67	9.0	2.0	0.22	31.0	27.0	0.87	4.0	3.0	0.75	0.13	0.0	0.0		0.0	0.0	0.0	0.0	0.0	0.0		0.0		0.0		7.0		0.0		8.0	5.0	0.0	13.0	1.0	0.0	0.0	0.0	1.0	1.0	0.0	0.0	1.0	3.0													
3945616	2024-07-25	Caernarfon Town	Won	Claude Gonçalves	95.05	12.0	10.0	0.83	30.0	22.0	0.73	5.0	1.0	0.2	0.0	0.0		0.0	0.0		1.0	0.0	0.0	49.0	41.0	0.84	0.06	0.0	0.08	0.14	1.0	0.0	0.0	1.0	1.0	0.0	0.0	0.0	8.0	0.0	0.0				0.0	1.0	1.0	1.0	1.0	0.0	0.0	11.0	8.0	0.73	1.0	1.0	1.0	0.08	0.08	2.0	3.0	5.0	0.0	0.0	1.0	1.0	0.0	9.0	0.0	0.0	1.0	0.0	1.0	1.0	1.0	1.0	0.0	0.0	4.0	3.0	0.75	0.0	1.79	1.71	6.0	3.0	1.0	0.73	1.0	0.17	2.0	2.0	1.0	0.95	0.0		0.0	3.0	0.0	2.0	1.0	0.5	0.0	0.0		2.0	1.0	0.5	0.0	0.0		1.0	0.0	8.0	5.0	0.62	6.0	1.0	0.17	38.0	34.0	0.89	3.0	3.0	1.0	0.08	0.0	0.0		0.0	0.0	3.0	0.0	0.0	0.0		0.0		0.0		13.0		0.0		2.0	2.0	0.0	4.0	1.0	0.0	0.0	0.0	1.0	0.0	0.0	0.0	1.0	2.0													
3939388	2024-07-28	Korona Kielce	Won	Claude Gonçalves	60.63	7.0	6.0	0.86	24.0	21.0	0.88	0.0	0.0		5.0	5.0	1.0	0.0	0.0		0.0	0.0		31.0	28.0	0.9	0.06	0.0	0.03	0.09	0.0	0.0	0.0	0.0	0.0	0.0	0.0	0.0	5.0	0.0	1.0				0.0	1.0	1.0	1.0	0.0	0.0		7.0	6.0	0.86	0.0			0.0		1.0	4.0	5.0	0.0	3.0	0.0	0.0	0.0	3.0	-1.0	-0.33	2.0	0.0	1.0	1.0	1.0	1.0	0.0	0.0	8.0	4.0	0.5		0.1	0.1	9.0	2.0	1.0	1.0	5.0	0.56	1.0	1.0	1.0	0.33	0.0		1.0	5.0	0.0	1.0	0.0	0.0	1.0	0.0	0.0	0.0	0.0		1.0	1.0	1.0	0.0		8.0	5.0	0.62	9.0	2.0	0.22	24.0	24.0	1.0	2.0	2.0	1.0	0.08	0.0	0.0		0.0	0.0	1.0	0.0	0.0	0.0		0.0		0.0		6.0		0.0		6.0	1.0	1.0	8.0	0.0	0.0	0.0		5.0	0.0	0.0	0.0	0.0	5.0													
3939402	2024-08-04	Piast Gliwice	Lost	Claude Gonçalves	63.98	1.0	0.0	0.0	21.0	19.0	0.9	1.0	1.0	1.0	2.0	1.0	0.5	0.0	0.0		0.0	0.0		33.0	30.0	0.91	-0.05		0.03	-0.02	0.0	0.0	0.0	0.0	1.0	0.0	0.0	1.0	6.0	0.0	1.0				0.0	0.0	0.0		0.0	0.0		9.0	7.0	0.78	0.0	0.0	0.0	0.05	0.05	1.0	2.0	3.0	0.0	1.0	0.0	0.0	0.0	0.0	0.0		0.0	0.0	0.0	0.0		0.0	0.0		1.0	0.0	0.0	0.0	0.44	0.44	8.0	5.0	0.0	1.07	1.0	0.12	2.0	2.0	0.0	1.73	0.0		0.0	1.0	0.0	0.0	0.0		1.0	1.0	1.0	2.0	1.0	0.5	1.0	1.0	1.0	0.0		4.0	3.0	0.75	3.0	2.0	0.67	32.0	30.0	0.94	1.0	1.0	1.0	0.03	0.0	0.0		0.0	0.0	2.0	0.0	0.0	0.0		0.0		0.0		8.0		0.0		3.0	1.0	0.0	4.0	0.0	0.0	0.0		1.0	0.0	0.0	0.0	0.0	1.0													
3956662	2024-08-08	Brøndby IF	Won	Claude Gonçalves	81.33	9.0	8.0	0.89	25.0	23.0	0.92	5.0	4.0	0.8	0.0	0.0		1.0	0.0	0.0	0.0	0.0		38.0	36.0	0.95	-0.01		0.06	0.05	0.0	0.0	0.0	0.0	1.0	0.0	0.0	1.0	13.0	2.0	0.0		1.0		3.0	0.0	0.0		0.0	0.0		10.0	8.0	0.8	1.0	1.0	0.0	0.02	0.02	0.0	6.0	6.0	0.0	1.0	0.0	0.0	0.0	1.0	0.0	0.0	0.0	0.0	0.0	0.0		0.0	0.0		1.0	0.0	0.0	3.0	0.07	0.07	21.0	4.0	1.0	0.48	5.0	0.24	3.0	2.0	0.0	0.55	1.0	3.0	0.0	0.0	0.0	1.0	0.0	0.0	0.0	0.0		1.0	1.0	1.0	2.0	2.0	1.0	0.0		5.0	4.0	0.8	3.0	2.0	0.67	32.0	32.0	1.0	4.0	4.0	1.0	0.12	1.0	1.0	1.0	0.03	0.0	1.0	0.0	0.0	0.0		0.0		0.0		4.0		0.0		13.0	0.0	1.0	14.0	1.0	1.0	0.0	1.0	5.0	0.0	1.0	0.0	0.0	6.0	1.0					1.0							
3939409	2024-08-11	Puszcza Niepołomice	Draw	Claude Gonçalves	56.62	2.0	1.0	0.5	18.0	13.0	0.72	2.0	1.0	0.5	3.0	0.0	0.0	0.0	0.0		0.0	0.0		23.0	18.0	0.78	0.03		0.02	0.06	0.0	0.0	0.0	0.0	1.0	0.0	0.0	1.0	5.0	0.0	2.0				0.0	0.0	0.0		0.0	0.0		6.0	3.0	0.5	0.0	0.0	0.0	0.04	0.04	0.0	0.0	0.0	0.0	1.0	0.0	0.0	0.0	2.0	0.0	0.0	0.0	0.0	2.0	0.0	0.0	0.0	0.0		3.0	0.0	0.0	0.0	0.14	0.1	5.0	0.0	0.0	2.12	0.0	0.0	0.0	0.0	0.0		0.0		0.0	0.0	0.0	1.0	1.0	1.0	0.0	0.0		0.0	0.0		0.0	0.0		0.0		6.0	3.0	0.5	1.0	1.0	1.0	17.0	17.0	1.0	2.0	2.0	1.0	0.12	0.0	0.0		0.0	1.0	2.0	0.0	0.0	0.0		0.0		0.0		15.0		0.0		4.0	0.0	0.0	4.0	0.0	0.0	0.0		0.0	0.0	0.0	0.0	0.0	0.0													
3956664	2024-08-15	Brøndby IF	Draw	Claude Gonçalves	102.95	1.0	1.0	1.0	13.0	9.0	0.69	4.0	3.0	0.75	0.0	0.0		0.0	0.0		0.0	0.0		19.0	15.0	0.79	0.08	0.0	0.1	0.18	0.0	0.0	0.0	0.0	0.0	0.0	0.0	0.0	19.0	1.0	2.0				0.0	1.0	1.0	1.0	0.0	0.0		1.0	0.0	0.0	0.0			0.0		0.0	0.0	0.0	0.0	2.0	0.0	0.0	0.0	0.0	-1.0		3.0	0.0	0.0	0.0		0.0	0.0		6.0	4.0	0.67		0.0	0.0	16.0	6.0	2.0	0.64	4.0	0.25	6.0	3.0	1.0	0.54	2.0	3.0	0.0	0.0	0.0	0.0	0.0		0.0	0.0		1.0	1.0	1.0	0.0	0.0		1.0	0.0	9.0	7.0	0.78	2.0	0.0	0.0	15.0	13.0	0.87	0.0	0.0		0.0	0.0	0.0		0.0	0.0	2.0	0.0	0.0	0.0		0.0		0.0		7.0		0.0		9.0	0.0	0.0	9.0	1.0	0.0	0.0	0.0	4.0	1.0	1.0	0.0	0.0	6.0													
3939418	2024-08-18	RKS Radomiak Radom	Won	Claude Gonçalves	99.03	3.0	2.0	0.67	20.0	12.0	0.6	2.0	0.0	0.0	11.0	5.0	0.45	0.0	0.0		0.0	0.0		28.0	20.0	0.71	0.04	0.0	0.7	0.74	0.0	0.0	0.0	0.0	0.0	1.0	0.0	1.0	13.0	0.0	2.0		1.0		3.0	1.0	1.0	1.0	0.0	0.0		4.0	2.0	0.5	0.0			0.0		1.0	1.0	2.0	0.05	1.0	1.0	1.0	0.0	4.0	0.0	0.0	1.0	0.0	0.0	0.0		0.0	0.0		3.0	2.0	0.67		0.42	0.42	17.0	6.0	4.0	0.68	5.0	0.29	3.0	2.0	0.0	0.43	0.0		0.0	1.0	0.0	0.0	0.0		0.0	0.0		2.0	2.0	1.0	2.0	2.0	1.0	1.0	2.0	3.0	1.0	0.33	4.0	2.0	0.5	24.0	22.0	0.92	0.0	0.0		0.0	1.0	1.0	1.0	0.04	1.0	3.0	0.0	0.0	0.0		0.0		0.0		12.0		3.0	4.0	8.0	0.0	1.0	9.0	1.0	0.0	0.0	0.0	5.0	1.0	2.0	0.0	0.0	8.0	1.0	1.0	1.0	1.0	1.0								
3957795	2024-08-22	Drita	Won	Claude Gonçalves	97.98	5.0	5.0	1.0	44.0	40.0	0.91	4.0	4.0	1.0	0.0	0.0		0.0	0.0		1.0	0.0	0.0	56.0	52.0	0.93	0.14	-0.01	0.24	0.36	0.0	0.0	0.0	0.0	2.0	1.0	1.0	4.0	2.0	0.0	0.0	2.0	2.0	2.0	8.0	1.0	0.0	0.0	1.0	0.0	0.0	24.0	22.0	0.92	0.0	0.0	0.0	0.13	0.06	3.0	8.0	11.0	0.05	1.0	1.0	2.0	0.0	6.0	-1.0	-0.17	0.0	0.0	3.0	2.0	0.67	1.0	1.0	1.0	6.0	3.0	0.5	4.0	1.12	1.04	15.0	8.0	4.0	0.97	3.0	0.2	9.0	5.0	2.0	0.95	0.0		0.0	3.0	0.0	1.0	0.0	0.0	0.0	0.0		1.0	0.0	0.0	1.0	1.0	1.0	0.0	1.0	9.0	5.0	0.56	6.0	1.0	0.17	53.0	45.0	0.85	1.0	1.0	1.0	0.02	1.0	0.0	0.0	0.02	0.0	1.0	0.0	1.0	0.0	0.0	0.0	0.0	0.08	0.08	21.0	21.0	4.0	5.25	3.0	1.0	0.0	4.0	1.0	1.0	0.0	1.0	3.0	1.0	1.0	0.0	0.0	5.0	1.0			1.0		1.0	1.0	1.0	1.0				
3939431	2024-08-25	Śląsk Wrocław	Draw	Claude Gonçalves	102.05	9.0	9.0	1.0	31.0	25.0	0.81	3.0	2.0	0.67	10.0	6.0	0.6	0.0	0.0		0.0	0.0		48.0	42.0	0.88	0.08		0.11	0.19	0.0	0.0	0.0	0.0	1.0	0.0	0.0	1.0	10.0	1.0	2.0			1.0	5.0	0.0	0.0		0.0	0.0		10.0	8.0	0.8	0.0	0.0	0.0	0.02	0.02	0.0	4.0	4.0	0.0	1.0	0.0	0.0	0.0	4.0	0.0	0.0	2.0	0.0	5.0	4.0	0.8	1.0	1.0	1.0	9.0	7.0	0.78	5.0	0.22	0.2	9.0	3.0	0.0	0.49	2.0	0.22	4.0	2.0	0.0	0.47	0.0		0.0	1.0	0.0	1.0	0.0	0.0	0.0	0.0		1.0	1.0	1.0	5.0	2.0	0.4	1.0	5.0	7.0	3.0	0.43	8.0	2.0	0.25	42.0	38.0	0.9	5.0	5.0	1.0	0.12	3.0	1.0	0.33	0.07	1.0	4.0	0.0	1.0	0.0	0.0	0.0	0.0	0.02	0.02	22.0	22.0	3.0	7.33	6.0	0.0	2.0	8.0	4.0	1.0	2.0	0.25	2.0	1.0	1.0	1.0	0.0	5.0	3.0		2.0			1.0	1.0						
3957798	2024-08-29	Drita	Won	Claude Gonçalves	85.8	8.0	4.0	0.5	26.0	16.0	0.62	2.0	2.0	1.0	0.0	0.0		0.0	0.0		0.0	0.0		31.0	21.0	0.68	0.02		0.01	0.03	0.0	0.0	0.0	0.0	0.0	2.0	0.0	2.0	5.0	0.0	2.0				1.0	0.0	0.0		0.0	0.0		7.0	4.0	0.57	0.0			0.0		1.0	3.0	4.0	0.05	0.0	0.0	0.0	0.0	4.0	0.0	0.0	0.0	0.0	4.0	4.0	1.0	0.0	0.0		4.0	4.0	1.0		0.05	0.05	26.0	11.0	3.0	1.14	3.0	0.12	6.0	5.0	2.0	0.7	1.0	6.0	0.0	4.0	0.0	2.0	0.0	0.0	0.0	0.0		1.0	1.0	1.0	1.0	1.0	1.0	2.0	0.5	9.0	1.0	0.11	9.0	1.0	0.11	18.0	15.0	0.83	4.0	4.0	1.0	0.22	0.0	0.0		0.0	0.0	0.0	0.0	0.0	0.0		0.0		0.0		10.0		1.0	10.0	12.0	1.0	0.0	13.0	2.0	0.0	0.0	0.0	3.0	0.0	1.0	0.0	0.0	4.0						1.0			1.0				
3939435	2024-09-01	Motor Lublin	Won	Claude Gonçalves	63.1	3.0	3.0	1.0	16.0	13.0	0.81	1.0	0.0	0.0	1.0	1.0	1.0	0.0	0.0		0.0	0.0		27.0	24.0	0.89	0.13		0.05	0.17	0.0	0.0	0.0	0.0	0.0	0.0	1.0	1.0	7.0	0.0	0.0		1.0		3.0	0.0	0.0		0.0	0.0		5.0	5.0	1.0	0.0			0.0		0.0	1.0	1.0	0.0	0.0	1.0	1.0	0.0	0.0	0.0		2.0	0.0	0.0	0.0		0.0	0.0		2.0	2.0	1.0		1.14	1.14	11.0	3.0	1.0	0.85	4.0	0.36	4.0	2.0	1.0	1.09	2.0	2.0	0.0	2.0	0.0	2.0	0.0	0.0	0.0	0.0		0.0	0.0		2.0	0.0	0.0	0.0		5.0	2.0	0.4	6.0	0.0	0.0	26.0	24.0	0.92	1.0	1.0	1.0	0.04	1.0	1.0	1.0	0.04	0.0	3.0	0.0	0.0	0.0		0.0		0.0		7.0		0.0		4.0	1.0	0.0	5.0	0.0	0.0	0.0		4.0	0.0	0.0	0.0	0.0	4.0	1.0					1.0							
3939446	2024-09-15	Raków Częstochowa	Lost	Claude Gonçalves	48.03	2.0	2.0	1.0	14.0	11.0	0.79	3.0	1.0	0.33	4.0	2.0	0.5	0.0	0.0		0.0	0.0		22.0	19.0	0.86	-0.01		0.02	0.01	0.0	0.0	0.0	0.0	1.0	0.0	0.0	1.0	4.0	0.0	1.0				0.0	0.0	0.0		0.0	0.0		5.0	3.0	0.6	0.0	0.0	0.0	0.01	0.01	0.0	3.0	3.0	0.0	0.0	1.0	1.0	0.0	1.0	0.0	0.0	1.0	0.0	0.0	0.0		0.0	0.0		1.0	1.0	1.0	0.0	0.12	0.11	10.0	3.0	0.0	0.7	5.0	0.5	1.0	0.0	0.0	0.32	1.0	1.0	0.0	0.0	0.0	2.0	1.0	0.5	0.0	0.0		0.0	0.0		1.0	1.0	1.0	1.0	1.0	6.0	2.0	0.33	4.0	2.0	0.5	17.0	17.0	1.0	0.0	0.0		0.0	0.0	0.0		0.0	0.0	0.0	0.0	0.0	0.0		0.0		0.0		6.0		0.0		7.0	0.0	1.0	8.0	1.0	0.0	0.0	0.0	5.0	0.0	0.0	0.0	0.0	5.0													
3939482	2024-10-18	Lechia Gdańsk	Won	Claude Gonçalves	18.15	1.0	0.0	0.0	4.0	3.0	0.75	0.0	0.0		2.0	2.0	1.0	0.0	0.0		0.0	0.0		5.0	4.0	0.8	0.03		0.0	0.03	0.0	0.0	0.0	0.0	0.0	0.0	1.0	1.0	1.0	0.0	0.0				0.0	0.0	0.0		0.0	0.0		0.0	0.0		0.0			0.0		0.0	0.0	0.0	0.0	0.0	0.0	0.0	0.0	1.0	0.0	0.0	0.0	0.0	0.0	0.0		0.0	0.0		0.0	0.0			0.06	0.06	4.0	1.0	0.0	0.6	0.0	0.0	0.0	0.0	0.0		0.0		0.0	0.0	0.0	0.0	0.0		0.0	0.0		0.0	0.0		0.0	0.0		0.0		1.0	0.0	0.0	0.0	0.0		4.0	3.0	0.75	2.0	1.0	0.5	0.5	0.0	0.0		0.0	0.0	0.0	0.0	0.0	0.0	0.0	0.0	0.0	0.0	0.0	0.0		0.0		1.0	0.0	0.0	1.0	0.0	0.0	0.0		0.0	0.0	0.0	0.0	0.0	0.0													
3960299	2024-10-24	Bačka Topola	Won	Claude Gonçalves	14.07	1.0	1.0	1.0	1.0	1.0	1.0	0.0	0.0		0.0	0.0		1.0	1.0	1.0	1.0	1.0	1.0	1.0	1.0	1.0	0.11		-0.01	0.1	0.0	0.0	0.0	0.0	0.0	1.0	0.0	1.0	4.0	0.0	0.0				2.0	0.0	0.0		1.0	1.0	1.0	1.0	1.0	1.0	0.0			0.0		0.0	0.0	0.0	0.28	0.0	1.0	1.0	0.0	0.0	0.0		0.0	0.0	1.0	0.0	0.0	0.0	0.0		1.0	0.0	0.0		0.3	0.3	2.0	1.0	1.0	0.91	1.0	0.5	1.0	1.0	1.0	0.43	0.0		0.0	0.0	0.0	0.0	0.0		0.0	0.0		0.0	0.0		0.0	0.0		0.0		1.0	1.0	1.0	0.0	0.0		1.0	1.0	1.0	0.0	0.0		0.0	0.0	0.0		0.0	0.0	1.0	0.0	0.0	0.0		0.0		0.0		4.0		2.0	2.0	0.0	0.0	0.0	0.0	0.0	0.0	0.0		1.0	0.0	2.0	0.0	0.0	3.0										1.0	1.0	1.0	1.0
